,Cooperative,Non-Cooperative,Loner
0,0.402,0.288,0.31
1,0.4,0.3,0.3
2,0.392,0.276,0.332
3,0.402,0.284,0.314
4,0.368,0.304,0.328
5,0.364,0.3,0.336
6,0.348,0.312,0.34
7,0.362,0.288,0.35
8,0.356,0.324,0.32
9,0.358,0.292,0.35
10,0.366,0.306,0.328
11,0.364,0.292,0.344
12,0.392,0.268,0.34
13,0.38,0.314,0.306
14,0.37,0.292,0.338
15,0.38,0.298,0.322
16,0.354,0.294,0.352
17,0.374,0.29,0.336
18,0.442,0.284,0.274
19,0.358,0.298,0.344
20,0.368,0.292,0.34
21,0.378,0.306,0.316
22,0.362,0.298,0.34
23,0.368,0.304,0.328
24,0.336,0.314,0.35
25,0.36,0.324,0.316
26,0.354,0.292,0.354
27,0.334,0.314,0.352
28,0.354,0.296,0.35
29,0.37,0.29,0.34
30,0.344,0.304,0.352
31,0.344,0.312,0.344
32,0.364,0.314,0.322
33,0.348,0.288,0.364
34,0.376,0.3,0.324
35,0.356,0.304,0.34
36,0.35,0.31,0.34
37,0.368,0.31,0.322
38,0.36,0.324,0.316
39,0.426,0.294,0.28
40,0.424,0.294,0.282
41,0.344,0.312,0.344
42,0.332,0.322,0.346
43,0.352,0.304,0.344
44,0.332,0.354,0.314
45,0.344,0.312,0.344
46,0.36,0.306,0.334
47,0.348,0.316,0.336
48,0.33,0.33,0.34
49,0.332,0.316,0.352
50,0.342,0.296,0.362
51,0.344,0.312,0.344
52,0.326,0.316,0.358
53,0.334,0.324,0.342
54,0.346,0.326,0.328
55,0.336,0.324,0.34
56,0.332,0.318,0.35
57,0.328,0.31,0.362
58,0.328,0.334,0.338
59,0.32,0.32,0.36
60,0.336,0.33,0.334
61,0.328,0.352,0.32
62,0.336,0.322,0.342
63,0.33,0.342,0.328
64,0.428,0.308,0.264
65,0.36,0.318,0.322
66,0.354,0.308,0.338
67,0.332,0.3,0.368
68,0.378,0.296,0.326
69,0.332,0.318,0.35
70,0.366,0.318,0.316
71,0.362,0.3,0.338
72,0.36,0.328,0.312
73,0.356,0.312,0.332
74,0.356,0.31,0.334
75,0.358,0.338,0.304
76,0.356,0.342,0.302
77,0.346,0.342,0.312
78,0.362,0.338,0.3
79,0.354,0.296,0.35
80,0.352,0.318,0.33
81,0.36,0.31,0.33
82,0.436,0.306,0.258
83,0.348,0.332,0.32
84,0.344,0.318,0.338
85,0.346,0.316,0.338
86,0.354,0.31,0.336
87,0.362,0.312,0.326
88,0.364,0.314,0.322
89,0.368,0.29,0.342
90,0.374,0.298,0.328
91,0.352,0.306,0.342
92,0.37,0.306,0.324
93,0.326,0.308,0.366
94,0.348,0.31,0.342
95,0.342,0.314,0.344
96,0.436,0.306,0.258
97,0.432,0.298,0.27
98,0.344,0.344,0.312
99,0.356,0.276,0.368
100,0.43,0.3,0.27
101,0.358,0.316,0.326
102,0.354,0.3,0.346
103,0.348,0.3,0.352
104,0.366,0.28,0.354
105,0.436,0.298,0.266
106,0.382,0.312,0.306
107,0.356,0.302,0.342
108,0.354,0.318,0.328
109,0.338,0.322,0.34
110,0.342,0.318,0.34
111,0.36,0.324,0.316
112,0.352,0.33,0.318
113,0.352,0.314,0.334
114,0.348,0.336,0.316
115,0.35,0.3,0.35
116,0.43,0.314,0.256
117,0.338,0.316,0.346
118,0.358,0.304,0.338
119,0.366,0.31,0.324
120,0.36,0.308,0.332
121,0.424,0.312,0.264
122,0.324,0.362,0.314
123,0.334,0.336,0.33
124,0.328,0.332,0.34
125,0.318,0.346,0.336
126,0.42,0.32,0.26
127,0.348,0.332,0.32
128,0.324,0.296,0.38
129,0.426,0.318,0.256
130,0.328,0.328,0.344
131,0.33,0.352,0.318
132,0.422,0.324,0.254
133,0.332,0.31,0.358
134,0.348,0.352,0.3
135,0.326,0.332,0.342
136,0.342,0.32,0.338
137,0.326,0.352,0.322
138,0.354,0.338,0.308
139,0.348,0.304,0.348
140,0.35,0.338,0.312
141,0.334,0.326,0.34
142,0.356,0.308,0.336
143,0.36,0.34,0.3
144,0.338,0.332,0.33
145,0.328,0.344,0.328
146,0.32,0.352,0.328
147,0.326,0.33,0.344
148,0.356,0.304,0.34
149,0.418,0.316,0.266
150,0.418,0.32,0.262
151,0.344,0.322,0.334
152,0.366,0.328,0.306
153,0.312,0.352,0.336
154,0.328,0.336,0.336
155,0.34,0.31,0.35
156,0.314,0.324,0.362
157,0.338,0.322,0.34
158,0.314,0.32,0.366
159,0.35,0.34,0.31
160,0.32,0.348,0.332
161,0.328,0.344,0.328
162,0.32,0.334,0.346
163,0.336,0.306,0.358
164,0.358,0.31,0.332
165,0.356,0.31,0.334
166,0.338,0.288,0.374
167,0.342,0.31,0.348
168,0.328,0.33,0.342
169,0.358,0.304,0.338
170,0.43,0.316,0.254
171,0.348,0.318,0.334
172,0.358,0.31,0.332
173,0.344,0.304,0.352
174,0.34,0.302,0.358
175,0.36,0.302,0.338
176,0.342,0.302,0.356
177,0.35,0.308,0.342
178,0.334,0.296,0.37
179,0.36,0.3,0.34
180,0.338,0.304,0.358
181,0.354,0.278,0.368
182,0.346,0.324,0.33
183,0.346,0.326,0.328
184,0.348,0.29,0.362
185,0.344,0.334,0.322
186,0.35,0.318,0.332
187,0.352,0.288,0.36
188,0.322,0.314,0.364
189,0.34,0.318,0.342
190,0.364,0.29,0.346
191,0.338,0.306,0.356
192,0.37,0.292,0.338
193,0.346,0.33,0.324
194,0.322,0.316,0.362
195,0.352,0.296,0.352
196,0.33,0.302,0.368
197,0.36,0.312,0.328
198,0.338,0.314,0.348
199,0.424,0.324,0.252
200,0.334,0.318,0.348
201,0.326,0.322,0.352
202,0.32,0.348,0.332
203,0.414,0.336,0.25
204,0.342,0.322,0.336
205,0.324,0.322,0.354
206,0.314,0.328,0.358
207,0.342,0.338,0.32
208,0.418,0.326,0.256
209,0.348,0.31,0.342
210,0.344,0.33,0.326
211,0.332,0.318,0.35
212,0.322,0.332,0.346
213,0.332,0.324,0.344
214,0.36,0.312,0.328
215,0.33,0.316,0.354
216,0.336,0.302,0.362
217,0.34,0.34,0.32
218,0.338,0.288,0.374
219,0.352,0.284,0.364
220,0.338,0.318,0.344
221,0.324,0.316,0.36
222,0.324,0.3,0.376
223,0.346,0.316,0.338
224,0.338,0.298,0.364
225,0.358,0.29,0.352
226,0.34,0.31,0.35
227,0.43,0.318,0.252
228,0.336,0.296,0.368
229,0.346,0.328,0.326
230,0.318,0.33,0.352
231,0.422,0.336,0.242
232,0.33,0.336,0.334
233,0.416,0.334,0.25
234,0.348,0.334,0.318
235,0.334,0.322,0.344
236,0.338,0.32,0.342
237,0.332,0.338,0.33
238,0.334,0.316,0.35
239,0.43,0.332,0.238
240,0.342,0.336,0.322
241,0.326,0.342,0.332
242,0.428,0.324,0.248
243,0.362,0.32,0.318
244,0.348,0.294,0.358
245,0.338,0.334,0.328
246,0.336,0.32,0.344
247,0.336,0.304,0.36
248,0.332,0.316,0.352
249,0.342,0.322,0.336
250,0.336,0.316,0.348
251,0.336,0.31,0.354
252,0.35,0.334,0.316
253,0.324,0.326,0.35
254,0.324,0.312,0.364
255,0.352,0.334,0.314
256,0.328,0.3,0.372
257,0.34,0.322,0.338
258,0.35,0.318,0.332
259,0.336,0.316,0.348
260,0.342,0.32,0.338
261,0.338,0.35,0.312
262,0.348,0.302,0.35
263,0.34,0.342,0.318
264,0.352,0.32,0.328
265,0.336,0.312,0.352
266,0.346,0.352,0.302
267,0.334,0.306,0.36
268,0.338,0.314,0.348
269,0.364,0.338,0.298
270,0.34,0.33,0.33
271,0.366,0.332,0.302
272,0.37,0.314,0.316
273,0.35,0.336,0.314
274,0.432,0.328,0.24
275,0.356,0.336,0.308
276,0.332,0.32,0.348
277,0.44,0.334,0.226
278,0.434,0.334,0.232
279,0.346,0.314,0.34
280,0.334,0.332,0.334
281,0.346,0.316,0.338
282,0.346,0.332,0.322
283,0.338,0.342,0.32
284,0.366,0.314,0.32
285,0.33,0.342,0.328
286,0.334,0.334,0.332
287,0.424,0.342,0.234
288,0.37,0.306,0.324
289,0.362,0.33,0.308
290,0.346,0.324,0.33
291,0.328,0.338,0.334
292,0.336,0.324,0.34
293,0.426,0.33,0.244
294,0.424,0.334,0.242
295,0.346,0.304,0.35
296,0.336,0.334,0.33
297,0.334,0.314,0.352
298,0.336,0.34,0.324
299,0.326,0.332,0.342
300,0.32,0.326,0.354
301,0.312,0.312,0.376
302,0.314,0.34,0.346
303,0.326,0.356,0.318
304,0.334,0.314,0.352
305,0.346,0.328,0.326
306,0.322,0.332,0.346
307,0.33,0.324,0.346
308,0.326,0.328,0.346
309,0.334,0.308,0.358
310,0.316,0.32,0.364
311,0.326,0.342,0.332
312,0.344,0.314,0.342
313,0.34,0.314,0.346
314,0.328,0.322,0.35
315,0.418,0.336,0.246
316,0.344,0.324,0.332
317,0.318,0.32,0.362
318,0.326,0.324,0.35
319,0.334,0.328,0.338
320,0.328,0.318,0.354
321,0.326,0.314,0.36
322,0.336,0.352,0.312
323,0.344,0.32,0.336
324,0.352,0.342,0.306
325,0.37,0.31,0.32
326,0.33,0.32,0.35
327,0.356,0.288,0.356
328,0.366,0.326,0.308
329,0.356,0.328,0.316
330,0.36,0.288,0.352
331,0.332,0.312,0.356
332,0.352,0.314,0.334
333,0.338,0.35,0.312
334,0.322,0.326,0.352
335,0.35,0.328,0.322
336,0.424,0.332,0.244
337,0.34,0.324,0.336
338,0.35,0.316,0.334
339,0.32,0.35,0.33
340,0.326,0.324,0.35
341,0.334,0.322,0.344
342,0.322,0.316,0.362
343,0.354,0.308,0.338
344,0.322,0.312,0.366
345,0.32,0.324,0.356
346,0.346,0.314,0.34
347,0.334,0.324,0.342
348,0.356,0.314,0.33
349,0.33,0.304,0.366
350,0.33,0.328,0.342
351,0.33,0.316,0.354
352,0.346,0.322,0.332
353,0.356,0.346,0.298
354,0.366,0.294,0.34
355,0.33,0.32,0.35
356,0.334,0.322,0.344
357,0.34,0.316,0.344
358,0.324,0.336,0.34
359,0.348,0.326,0.326
360,0.35,0.29,0.36
361,0.346,0.316,0.338
362,0.346,0.312,0.342
363,0.416,0.324,0.26
364,0.354,0.282,0.364
365,0.348,0.31,0.342
366,0.338,0.32,0.342
367,0.338,0.292,0.37
368,0.326,0.332,0.342
369,0.328,0.324,0.348
370,0.35,0.328,0.322
371,0.364,0.31,0.326
372,0.362,0.3,0.338
373,0.354,0.296,0.35
374,0.346,0.31,0.344
375,0.344,0.3,0.356
376,0.342,0.336,0.322
377,0.34,0.29,0.37
378,0.34,0.328,0.332
379,0.348,0.314,0.338
380,0.334,0.298,0.368
381,0.342,0.318,0.34
382,0.324,0.332,0.344
383,0.338,0.314,0.348
384,0.344,0.308,0.348
385,0.348,0.328,0.324
386,0.43,0.334,0.236
387,0.334,0.336,0.33
388,0.352,0.31,0.338
389,0.334,0.326,0.34
390,0.422,0.336,0.242
391,0.354,0.306,0.34
392,0.344,0.32,0.336
393,0.33,0.356,0.314
394,0.324,0.33,0.346
395,0.344,0.3,0.356
396,0.322,0.322,0.356
397,0.366,0.29,0.344
398,0.324,0.324,0.352
399,0.434,0.332,0.234
400,0.346,0.314,0.34
401,0.34,0.33,0.33
402,0.424,0.34,0.236
403,0.422,0.342,0.236
404,0.328,0.308,0.364
405,0.334,0.34,0.326
406,0.416,0.344,0.24
407,0.326,0.324,0.35
408,0.34,0.324,0.336
409,0.322,0.35,0.328
410,0.33,0.342,0.328
411,0.334,0.304,0.362
412,0.328,0.328,0.344
413,0.416,0.334,0.25
414,0.342,0.306,0.352
415,0.416,0.334,0.25
416,0.334,0.316,0.35
417,0.342,0.358,0.3
418,0.344,0.318,0.338
419,0.324,0.318,0.358
420,0.348,0.304,0.348
421,0.334,0.34,0.326
422,0.416,0.344,0.24
423,0.422,0.336,0.242
424,0.332,0.32,0.348
425,0.336,0.322,0.342
426,0.326,0.308,0.366
427,0.35,0.322,0.328
428,0.342,0.308,0.35
429,0.314,0.332,0.354
430,0.36,0.33,0.31
431,0.332,0.366,0.302
432,0.328,0.336,0.336
433,0.326,0.302,0.372
434,0.332,0.322,0.346
435,0.332,0.318,0.35
436,0.346,0.308,0.346
437,0.342,0.3,0.358
438,0.334,0.324,0.342
439,0.34,0.346,0.314
440,0.314,0.332,0.354
441,0.33,0.278,0.392
442,0.326,0.334,0.34
443,0.416,0.336,0.248
444,0.342,0.314,0.344
445,0.362,0.294,0.344
446,0.314,0.316,0.37
447,0.344,0.33,0.326
448,0.33,0.328,0.342
449,0.328,0.33,0.342
450,0.316,0.322,0.362
451,0.318,0.332,0.35
452,0.332,0.314,0.354
453,0.332,0.352,0.316
454,0.332,0.302,0.366
455,0.408,0.344,0.248
456,0.33,0.328,0.342
457,0.302,0.31,0.388
458,0.41,0.342,0.248
459,0.318,0.33,0.352
460,0.312,0.326,0.362
461,0.308,0.308,0.384
462,0.316,0.318,0.366
463,0.3,0.322,0.378
464,0.314,0.314,0.372
465,0.316,0.308,0.376
466,0.322,0.33,0.348
467,0.308,0.31,0.382
468,0.33,0.336,0.334
469,0.304,0.324,0.372
470,0.34,0.346,0.314
471,0.322,0.344,0.334
472,0.31,0.332,0.358
473,0.31,0.356,0.334
474,0.31,0.336,0.354
475,0.316,0.302,0.382
476,0.338,0.354,0.308
477,0.338,0.342,0.32
478,0.334,0.328,0.338
479,0.32,0.312,0.368
480,0.308,0.354,0.338
481,0.322,0.338,0.34
482,0.31,0.364,0.326
483,0.304,0.31,0.386
484,0.314,0.346,0.34
485,0.322,0.318,0.36
486,0.32,0.346,0.334
487,0.336,0.314,0.35
488,0.308,0.346,0.346
489,0.324,0.31,0.366
490,0.336,0.316,0.348
491,0.302,0.348,0.35
492,0.288,0.354,0.358
493,0.312,0.32,0.368
494,0.32,0.322,0.358
495,0.316,0.336,0.348
496,0.328,0.322,0.35
497,0.318,0.298,0.384
498,0.328,0.296,0.376
499,0.324,0.304,0.372
