,Good,Medium,Bad
0,0.402,0.31,0.288
1,0.4,0.3,0.3
2,0.392,0.332,0.276
3,0.402,0.314,0.284
4,0.368,0.328,0.304
5,0.364,0.336,0.3
6,0.348,0.34,0.312
7,0.362,0.35,0.288
8,0.356,0.32,0.324
9,0.358,0.35,0.292
10,0.366,0.328,0.306
11,0.364,0.344,0.292
12,0.392,0.34,0.268
13,0.38,0.306,0.314
14,0.37,0.338,0.292
15,0.38,0.322,0.298
16,0.354,0.352,0.294
17,0.374,0.336,0.29
18,0.442,0.274,0.284
19,0.358,0.344,0.298
20,0.368,0.34,0.292
21,0.378,0.316,0.306
22,0.362,0.34,0.298
23,0.368,0.328,0.304
24,0.336,0.35,0.314
25,0.36,0.316,0.324
26,0.354,0.354,0.292
27,0.334,0.352,0.314
28,0.354,0.35,0.296
29,0.37,0.34,0.29
30,0.344,0.352,0.304
31,0.344,0.344,0.312
32,0.364,0.322,0.314
33,0.348,0.364,0.288
34,0.376,0.324,0.3
35,0.356,0.34,0.304
36,0.35,0.34,0.31
37,0.368,0.322,0.31
38,0.36,0.316,0.324
39,0.426,0.28,0.294
40,0.424,0.282,0.294
41,0.344,0.344,0.312
42,0.332,0.346,0.322
43,0.352,0.344,0.304
44,0.332,0.314,0.354
45,0.344,0.344,0.312
46,0.36,0.334,0.306
47,0.348,0.336,0.316
48,0.33,0.34,0.33
49,0.332,0.352,0.316
50,0.342,0.362,0.296
51,0.344,0.344,0.312
52,0.326,0.358,0.316
53,0.334,0.342,0.324
54,0.346,0.328,0.326
55,0.336,0.34,0.324
56,0.332,0.35,0.318
57,0.328,0.362,0.31
58,0.328,0.338,0.334
59,0.32,0.36,0.32
60,0.336,0.334,0.33
61,0.328,0.32,0.352
62,0.336,0.342,0.322
63,0.33,0.328,0.342
64,0.428,0.264,0.308
65,0.36,0.322,0.318
66,0.354,0.338,0.308
67,0.332,0.368,0.3
68,0.378,0.326,0.296
69,0.332,0.35,0.318
70,0.366,0.316,0.318
71,0.362,0.338,0.3
72,0.36,0.312,0.328
73,0.356,0.332,0.312
74,0.356,0.334,0.31
75,0.358,0.304,0.338
76,0.356,0.302,0.342
77,0.346,0.312,0.342
78,0.362,0.3,0.338
79,0.354,0.35,0.296
80,0.352,0.33,0.318
81,0.36,0.33,0.31
82,0.436,0.258,0.306
83,0.348,0.32,0.332
84,0.344,0.338,0.318
85,0.346,0.338,0.316
86,0.354,0.336,0.31
87,0.362,0.326,0.312
88,0.364,0.322,0.314
89,0.368,0.342,0.29
90,0.374,0.328,0.298
91,0.352,0.342,0.306
92,0.37,0.324,0.306
93,0.326,0.366,0.308
94,0.348,0.342,0.31
95,0.342,0.344,0.314
96,0.436,0.258,0.306
97,0.432,0.27,0.298
98,0.344,0.312,0.344
99,0.356,0.368,0.276
100,0.43,0.27,0.3
101,0.358,0.326,0.316
102,0.354,0.346,0.3
103,0.348,0.352,0.3
104,0.366,0.354,0.28
105,0.436,0.266,0.298
106,0.382,0.306,0.312
107,0.356,0.342,0.302
108,0.354,0.328,0.318
109,0.338,0.34,0.322
110,0.342,0.34,0.318
111,0.36,0.316,0.324
112,0.352,0.318,0.33
113,0.352,0.334,0.314
114,0.348,0.316,0.336
115,0.35,0.35,0.3
116,0.43,0.256,0.314
117,0.338,0.346,0.316
118,0.358,0.338,0.304
119,0.366,0.324,0.31
120,0.36,0.332,0.308
121,0.424,0.264,0.312
122,0.324,0.314,0.362
123,0.334,0.33,0.336
124,0.328,0.34,0.332
125,0.318,0.336,0.346
126,0.42,0.26,0.32
127,0.348,0.32,0.332
128,0.324,0.38,0.296
129,0.426,0.256,0.318
130,0.328,0.344,0.328
131,0.33,0.318,0.352
132,0.422,0.254,0.324
133,0.332,0.358,0.31
134,0.348,0.3,0.352
135,0.326,0.342,0.332
136,0.342,0.338,0.32
137,0.326,0.322,0.352
138,0.354,0.308,0.338
139,0.348,0.348,0.304
140,0.35,0.312,0.338
141,0.334,0.34,0.326
142,0.356,0.336,0.308
143,0.36,0.3,0.34
144,0.338,0.33,0.332
145,0.328,0.328,0.344
146,0.32,0.328,0.352
147,0.326,0.344,0.33
148,0.356,0.34,0.304
149,0.418,0.266,0.316
150,0.418,0.262,0.32
151,0.344,0.334,0.322
152,0.366,0.306,0.328
153,0.312,0.336,0.352
154,0.328,0.336,0.336
155,0.34,0.35,0.31
156,0.314,0.362,0.324
157,0.338,0.34,0.322
158,0.314,0.366,0.32
159,0.35,0.31,0.34
160,0.32,0.332,0.348
161,0.328,0.328,0.344
162,0.32,0.346,0.334
163,0.336,0.358,0.306
164,0.358,0.332,0.31
165,0.356,0.334,0.31
166,0.338,0.374,0.288
167,0.342,0.348,0.31
168,0.328,0.342,0.33
169,0.358,0.338,0.304
170,0.43,0.254,0.316
171,0.348,0.334,0.318
172,0.358,0.332,0.31
173,0.344,0.352,0.304
174,0.34,0.358,0.302
175,0.36,0.338,0.302
176,0.342,0.356,0.302
177,0.35,0.342,0.308
178,0.334,0.37,0.296
179,0.36,0.34,0.3
180,0.338,0.358,0.304
181,0.354,0.368,0.278
182,0.346,0.33,0.324
183,0.346,0.328,0.326
184,0.348,0.362,0.29
185,0.344,0.322,0.334
186,0.35,0.332,0.318
187,0.352,0.36,0.288
188,0.322,0.364,0.314
189,0.34,0.342,0.318
190,0.364,0.346,0.29
191,0.338,0.356,0.306
192,0.37,0.338,0.292
193,0.346,0.324,0.33
194,0.322,0.362,0.316
195,0.352,0.352,0.296
196,0.33,0.368,0.302
197,0.36,0.328,0.312
198,0.338,0.348,0.314
199,0.424,0.252,0.324
200,0.334,0.348,0.318
201,0.326,0.352,0.322
202,0.32,0.332,0.348
203,0.414,0.25,0.336
204,0.342,0.336,0.322
205,0.324,0.354,0.322
206,0.314,0.358,0.328
207,0.342,0.32,0.338
208,0.418,0.256,0.326
209,0.348,0.342,0.31
210,0.344,0.326,0.33
211,0.332,0.35,0.318
212,0.322,0.346,0.332
213,0.332,0.344,0.324
214,0.36,0.328,0.312
215,0.33,0.354,0.316
216,0.336,0.362,0.302
217,0.34,0.32,0.34
218,0.338,0.374,0.288
219,0.352,0.364,0.284
220,0.338,0.344,0.318
221,0.324,0.36,0.316
222,0.324,0.376,0.3
223,0.346,0.338,0.316
224,0.338,0.364,0.298
225,0.358,0.352,0.29
226,0.34,0.35,0.31
227,0.43,0.252,0.318
228,0.336,0.368,0.296
229,0.346,0.326,0.328
230,0.318,0.352,0.33
231,0.422,0.242,0.336
232,0.33,0.334,0.336
233,0.416,0.25,0.334
234,0.348,0.318,0.334
235,0.334,0.344,0.322
236,0.338,0.342,0.32
237,0.332,0.33,0.338
238,0.334,0.35,0.316
239,0.43,0.238,0.332
240,0.342,0.322,0.336
241,0.326,0.332,0.342
242,0.428,0.248,0.324
243,0.362,0.318,0.32
244,0.348,0.358,0.294
245,0.338,0.328,0.334
246,0.336,0.344,0.32
247,0.336,0.36,0.304
248,0.332,0.352,0.316
249,0.342,0.336,0.322
250,0.336,0.348,0.316
251,0.336,0.354,0.31
252,0.35,0.316,0.334
253,0.324,0.35,0.326
254,0.324,0.364,0.312
255,0.352,0.314,0.334
256,0.328,0.372,0.3
257,0.34,0.338,0.322
258,0.35,0.332,0.318
259,0.336,0.348,0.316
260,0.342,0.338,0.32
261,0.338,0.312,0.35
262,0.348,0.35,0.302
263,0.34,0.318,0.342
264,0.352,0.328,0.32
265,0.336,0.352,0.312
266,0.346,0.302,0.352
267,0.334,0.36,0.306
268,0.338,0.348,0.314
269,0.364,0.298,0.338
270,0.34,0.33,0.33
271,0.366,0.302,0.332
272,0.37,0.316,0.314
273,0.35,0.314,0.336
274,0.432,0.24,0.328
275,0.356,0.308,0.336
276,0.332,0.348,0.32
277,0.44,0.226,0.334
278,0.434,0.232,0.334
279,0.346,0.34,0.314
280,0.334,0.334,0.332
281,0.346,0.338,0.316
282,0.346,0.322,0.332
283,0.338,0.32,0.342
284,0.366,0.32,0.314
285,0.33,0.328,0.342
286,0.334,0.332,0.334
287,0.424,0.234,0.342
288,0.37,0.324,0.306
289,0.362,0.308,0.33
290,0.346,0.33,0.324
291,0.328,0.334,0.338
292,0.336,0.34,0.324
293,0.426,0.244,0.33
294,0.424,0.242,0.334
295,0.346,0.35,0.304
296,0.336,0.33,0.334
297,0.334,0.352,0.314
298,0.336,0.324,0.34
299,0.326,0.342,0.332
300,0.32,0.354,0.326
301,0.312,0.376,0.312
302,0.314,0.346,0.34
303,0.326,0.318,0.356
304,0.334,0.352,0.314
305,0.346,0.326,0.328
306,0.322,0.346,0.332
307,0.33,0.346,0.324
308,0.326,0.346,0.328
309,0.334,0.358,0.308
310,0.316,0.364,0.32
311,0.326,0.332,0.342
312,0.344,0.342,0.314
313,0.34,0.346,0.314
314,0.328,0.35,0.322
315,0.418,0.246,0.336
316,0.344,0.332,0.324
317,0.318,0.362,0.32
318,0.326,0.35,0.324
319,0.334,0.338,0.328
320,0.328,0.354,0.318
321,0.326,0.36,0.314
322,0.336,0.312,0.352
323,0.344,0.336,0.32
324,0.352,0.306,0.342
325,0.37,0.32,0.31
326,0.33,0.35,0.32
327,0.356,0.356,0.288
328,0.366,0.308,0.326
329,0.356,0.316,0.328
330,0.36,0.352,0.288
331,0.332,0.356,0.312
332,0.352,0.334,0.314
333,0.338,0.312,0.35
334,0.322,0.352,0.326
335,0.35,0.322,0.328
336,0.424,0.244,0.332
337,0.34,0.336,0.324
338,0.35,0.334,0.316
339,0.32,0.33,0.35
340,0.326,0.35,0.324
341,0.334,0.344,0.322
342,0.322,0.362,0.316
343,0.354,0.338,0.308
344,0.322,0.366,0.312
345,0.32,0.356,0.324
346,0.346,0.34,0.314
347,0.334,0.342,0.324
348,0.356,0.33,0.314
349,0.33,0.366,0.304
350,0.33,0.342,0.328
351,0.33,0.354,0.316
352,0.346,0.332,0.322
353,0.356,0.298,0.346
354,0.366,0.34,0.294
355,0.33,0.35,0.32
356,0.334,0.344,0.322
357,0.34,0.344,0.316
358,0.324,0.34,0.336
359,0.348,0.326,0.326
360,0.35,0.36,0.29
361,0.346,0.338,0.316
362,0.346,0.342,0.312
363,0.416,0.26,0.324
364,0.354,0.364,0.282
365,0.348,0.342,0.31
366,0.338,0.342,0.32
367,0.338,0.37,0.292
368,0.326,0.342,0.332
369,0.328,0.348,0.324
370,0.35,0.322,0.328
371,0.364,0.326,0.31
372,0.362,0.338,0.3
373,0.354,0.35,0.296
374,0.346,0.344,0.31
375,0.344,0.356,0.3
376,0.342,0.322,0.336
377,0.34,0.37,0.29
378,0.34,0.332,0.328
379,0.348,0.338,0.314
380,0.334,0.368,0.298
381,0.342,0.34,0.318
382,0.324,0.344,0.332
383,0.338,0.348,0.314
384,0.344,0.348,0.308
385,0.348,0.324,0.328
386,0.43,0.236,0.334
387,0.334,0.33,0.336
388,0.352,0.338,0.31
389,0.334,0.34,0.326
390,0.422,0.242,0.336
391,0.354,0.34,0.306
392,0.344,0.336,0.32
393,0.33,0.314,0.356
394,0.324,0.346,0.33
395,0.344,0.356,0.3
396,0.322,0.356,0.322
397,0.366,0.344,0.29
398,0.324,0.352,0.324
399,0.434,0.234,0.332
400,0.346,0.34,0.314
401,0.34,0.33,0.33
402,0.424,0.236,0.34
403,0.422,0.236,0.342
404,0.328,0.364,0.308
405,0.334,0.326,0.34
406,0.416,0.24,0.344
407,0.326,0.35,0.324
408,0.34,0.336,0.324
409,0.322,0.328,0.35
410,0.33,0.328,0.342
411,0.334,0.362,0.304
412,0.328,0.344,0.328
413,0.416,0.25,0.334
414,0.342,0.352,0.306
415,0.416,0.25,0.334
416,0.334,0.35,0.316
417,0.342,0.3,0.358
418,0.344,0.338,0.318
419,0.324,0.358,0.318
420,0.348,0.348,0.304
421,0.334,0.326,0.34
422,0.416,0.24,0.344
423,0.422,0.242,0.336
424,0.332,0.348,0.32
425,0.336,0.342,0.322
426,0.326,0.366,0.308
427,0.35,0.328,0.322
428,0.342,0.35,0.308
429,0.314,0.354,0.332
430,0.36,0.31,0.33
431,0.332,0.302,0.366
432,0.328,0.336,0.336
433,0.326,0.372,0.302
434,0.332,0.346,0.322
435,0.332,0.35,0.318
436,0.346,0.346,0.308
437,0.342,0.358,0.3
438,0.334,0.342,0.324
439,0.34,0.314,0.346
440,0.314,0.354,0.332
441,0.33,0.392,0.278
442,0.326,0.34,0.334
443,0.416,0.248,0.336
444,0.342,0.344,0.314
445,0.362,0.344,0.294
446,0.314,0.37,0.316
447,0.344,0.326,0.33
448,0.33,0.342,0.328
449,0.328,0.342,0.33
450,0.316,0.362,0.322
451,0.318,0.35,0.332
452,0.332,0.354,0.314
453,0.332,0.316,0.352
454,0.332,0.366,0.302
455,0.408,0.248,0.344
456,0.33,0.342,0.328
457,0.302,0.388,0.31
458,0.41,0.248,0.342
459,0.318,0.352,0.33
460,0.312,0.362,0.326
461,0.308,0.384,0.308
462,0.316,0.366,0.318
463,0.3,0.378,0.322
464,0.314,0.372,0.314
465,0.316,0.376,0.308
466,0.322,0.348,0.33
467,0.308,0.382,0.31
468,0.33,0.334,0.336
469,0.304,0.372,0.324
470,0.34,0.314,0.346
471,0.322,0.334,0.344
472,0.31,0.358,0.332
473,0.31,0.334,0.356
474,0.31,0.354,0.336
475,0.316,0.382,0.302
476,0.338,0.308,0.354
477,0.338,0.32,0.342
478,0.334,0.338,0.328
479,0.32,0.368,0.312
480,0.308,0.338,0.354
481,0.322,0.34,0.338
482,0.31,0.326,0.364
483,0.304,0.386,0.31
484,0.314,0.34,0.346
485,0.322,0.36,0.318
486,0.32,0.334,0.346
487,0.336,0.35,0.314
488,0.308,0.346,0.346
489,0.324,0.366,0.31
490,0.336,0.348,0.316
491,0.302,0.35,0.348
492,0.288,0.358,0.354
493,0.312,0.368,0.32
494,0.32,0.358,0.322
495,0.316,0.348,0.336
496,0.328,0.35,0.322
497,0.318,0.384,0.298
498,0.328,0.376,0.296
499,0.324,0.372,0.304
